3.396368829564192282e+01,2.299750029998000400e+01,4.318037135942356741e+01,1.799900004999999936e+01,3.499500082987501060e+01,-8.949862996458055932e+03,4.286734820899043541e+01,4.286734820899043541e+01,4.822373625663956886e+01,3.499500082987501060e+01,5.177100812233892668e+01,4.318037135942356741e+01,1.399960001999999903e+01,1.799850014999499948e+01,2.299750029998000400e+01
7.047586575784298191e+01,2.799100269947507158e+01,6.397848928872217300e+01,2.799400134980501775e+01,5.198105784231621840e+01,-8.948310580778343137e+03,6.122598159415089469e+01,6.933423886294946215e+01,6.359364131672246145e+01,4.997711022641595946e+01,5.675062654499089376e+01,6.359364131672246145e+01,6.122598159415089469e+01,2.799250194967003580e+01,5.198105784231621840e+01
7.544563372197090700e+01,3.798000924702570558e+01,7.165075694552766095e+01,6.545450375344260863e+01,6.195757390429290723e+01,-8.949089386190207733e+03,8.003317909806180808e+01,7.813209804541395442e+01,7.966024281908013904e+01,5.795592569862702703e+01,6.672625590632355852e+01,7.966024281908013904e+01,8.003317909806180808e+01,3.298350734779048565e+01,6.545450375344260863e+01
8.541141764899887789e+01,4.796502204013333426e+01,7.578583008220941508e+01,8.040606839954206464e+01,6.943189969778755710e+01,-8.779015289988536097e+03,9.452350430878536258e+01,9.452350430878536258e+01,9.659790731745198400e+01,6.593155222098272361e+01,7.169789830045375822e+01,9.659790731745198400e+01,8.867803027493309287e+01,4.397011803223450244e+01,8.040606839954206464e+01
9.037371933058706475e+01,5.294604317526084714e+01,7.979835917019072156e+01,9.534118910713569051e+01,7.540288920062234013e+01,-6.688005212692474743e+03,1.061049128803241786e+02,9.559565321552888406e+01,1.115201416110394490e+02,7.390319187749517482e+01,8.166605552048642380e+01,1.115201416110394490e+02,9.269263753684487028e+01,-5.556849327867636021e+03,9.534118910713569051e+01
1.003315407574700231e+02,6.292257469782808954e+01,8.866900486425811323e+01,1.152598821627192365e+02,8.336959412570695349e+01,-8.954409824170048523e+03,1.065586631635795811e+02,1.047798785206774994e+02,1.244270605235613800e+02,7.887124652126161095e+01,8.763072928867310907e+01,1.244270605235613800e+02,1.065586631635795811e+02,-8.952905818732702755e+03,1.152598821627192365e+02
1.193830714879757693e+02,6.789611855223245129e+01,9.363017797796982222e+01,1.251641629371040381e+02,8.833291651489484764e+01,-8.647438310559715319e+03,1.299478134297659722e+02,1.144640743347473943e+02,1.423170801232158453e+02,8.883481803441695490e+01,9.559122161634343229e+01,1.423170801232158453e+02,1.299478134297659722e+02,-8.696863069070273923e+03,1.251641629371040381e+02
1.425208478038891258e+02,7.786517653196926858e+01,9.958777113121233526e+01,1.504206991203603820e+02,9.829175813912576132e+01,-8.777555179054317705e+03,1.425208478038891258e+02,1.194118525929678754e+02,1.551928162722078355e+02,9.879440850810325969e+01,1.504206991203603820e+02,1.551928162722078355e+02,1.383547429352457812e+02,-8.776580722252931082e+03,-4.245399103932015350e+03
-7.396908005247340043e+03,8.783025072955230428e+01,1.095409864535080402e+02,1.635414320255396206e+02,-4.244424552191896510e+03,-8.621187636725881021e+03,1.502576176212346013e+02,1.464487948161560951e+02,1.700531838769925059e+02,1.037500200324271589e+02,1.464487948161560951e+02,1.700531838769925059e+02,1.412955231415540993e+02,-8.674989695098231095e+03,-4.195434952375191642e+03
-7.865961070996658236e+03,9.279134323645934046e+01,1.144907259133945701e+02,1.734649760122746898e+02,-2.007578254060235167e+03,-8.949984384628667613e+03,1.589400948264349438e+02,1.714357534498940367e+02,1.806659761745444825e+02,-2.007578254060235167e+03,1.806659761745444825e+02,1.898961988991950136e+02,1.494811852583986251e+02,-8.949089386190207733e+03,-4.147552030344209015e+03
-3.751254577998130117e+03,1.027479560931275842e+02,1.688385207617407957e+02,1.783832597191565981e+02,-1.966640073393778721e+03,-8.571744707189867768e+03,-4.100323656610464241e+03,1.688385207617407957e+02,2.063701195471749656e+02,-1.966640073393778721e+03,2.063701195471749656e+02,1.978058686275934122e+02,-3.751254577998130117e+03,-8.571252291988275829e+03,-4.123408854671577501e+03
-3.662372844949581122e+03,1.127005913889591966e+02,1.846895939090802869e+02,1.882970851759192499e+02,-1.931425498281245382e+03,-8.949789663803621806e+03,-4.046354257167867672e+03,1.846895939090802869e+02,2.153119113548808343e+02,-1.931425498281245382e+03,2.153119113548808343e+02,2.037126839820764985e+02,-3.662372844949581122e+03,-8.948797334160757600e+03,-4.078928739247362500e+03
-3.608950141137594073e+03,1.176492512123219001e+02,1.945277711709703681e+02,2.262658086664387724e+02,-1.884334514436860900e+03,-8.814438042244833923e+03,-3.994403680878216619e+03,1.945277711709703681e+02,2.262658086664387724e+02,-1.884334514436860900e+03,2.315313444276394250e+02,2.096160466194998548e+02,-3.608950141137594073e+03,-8.836015595496897731e+03,-4.056550214984498780e+03
-3.523336387973583442e+03,1.215988358908583962e+02,2.274183649482579028e+02,2.420555349332434787e+02,-1.838781197957450559e+03,-8.934740777719425751e+03,-3.968315710492678591e+03,2.093648591425229029e+02,2.420555349332434787e+02,-1.838781197957450559e+03,2.356133276699054022e+02,2.274183649482579028e+02,-3.523336387973583442e+03,-8.933581442021491966e+03,-4.014138296177387929e+03
-3.473928192814189060e+03,1.999421951318537651e+02,2.600183059796794396e+02,1.999421951318537651e+02,-1.794110161136500437e+03,-8.394851159713674861e+03,-3.919944740600119985e+03,2.142646966474540591e+02,2.600183059796794396e+02,-1.794110161136500437e+03,2.466380989007391804e+02,2.417301591806451881e+02,-3.473928192814189060e+03,-8.426116495819780539e+03,-3.973889713851142915e+03
-3.388065232183289481e+03,2.087608323899712559e+02,2.773098919882675091e+02,2.087608323899712559e+02,-7.303328758253514934e+02,-8.701858014657336753e+03,-3.895692692558370254e+03,2.251606848635544793e+02,2.740577345896508064e+02,-1.769138273740948080e+03,-7.303328758253514934e+02,2.740577345896508064e+02,-3.388065232183289481e+03,-8.903569406929029356e+03,-3.953375587594418448e+03
-6.932228144131186127e+03,2.285635579372464576e+02,2.796933791965622618e+02,2.285635579372464576e+02,-7.007152154817531482e+02,-7.491241838668522178e+03,-3.850992073595630245e+03,2.725234206421959584e+02,2.725234206421959584e+02,-1.757217165768368659e+03,-7.007152154817531482e+02,2.828763470289871407e+02,-3.316589361878931868e+03,-8.013810975343895734e+03,-3.916049095465527898e+03
-6.815881725328381435e+03,2.473503872086418767e+02,2.839741002502728975e+02,2.473503872086418767e+02,-6.819184642715262044e+02,-7.866597629227533616e+03,-3.808754667930718824e+03,2.885233722316586409e+02,2.885233722316586409e+02,-1.731793507354518397e+03,-6.819184642715262044e+02,2.927389361403887165e+02,-3.277490747514860232e+03,-8.489045627421417521e+03,-3.897326902908831926e+03
-6.739105838376415704e+03,2.591229354437396637e+02,2.861106873728829783e+02,2.591229354437396637e+02,-4.444929084911493192e+03,-7.791055145651504972e+03,-3.787612874430251395e+03,2.988830470896995166e+02,2.988830470896995166e+02,-1.705272439506391947e+03,-6.545366747722539458e+02,2.975985944734519535e+02,-3.247033232516742828e+03,-4.444929084911493192e+03,-3.895372130450966324e+03
-6.700597772925411846e+03,2.788779204351220642e+02,2.913901631482032144e+02,-1.833562816178524599e+02,-4.380953103881276547e+03,-7.717861006129731322e+03,-3.748859747527548279e+03,3.153518883527577827e+02,3.153518883527577827e+02,-1.691522968119161533e+03,-1.833562816178524599e+02,3.014557230235727161e+02,-3.216839564632814017e+03,-6.404519794134472249e+03,-3.893418335183872841e+03
-6.630097647450126715e+03,2.837448075601629398e+02,2.986412032836948924e+02,-1.538323810125668274e+02,-3.664708758665770802e+03,-7.671926074967699606e+03,-3.717501359822623272e+03,9.793723300740933269e+01,3.241722207169876810e+02,-1.664598351480368365e+03,9.793723300740933269e+01,3.143079245346988273e+02,-3.664708758665770802e+03,-8.438055479810685938e+03,-3.891465516619052323e+03
-6.594772364316664607e+03,2.936059627781063455e+02,3.021010434805996283e+02,-1.472837889485215896e+02,-3.612076548061032554e+03,-7.587326161682748534e+03,-3.694787662855293092e+03,1.123906558777425886e+02,3.245859332104954547e+02,-1.637919377251920650e+03,1.123906558777425886e+02,3.245859332104954547e+02,-3.612076548061032554e+03,-8.377536336197494165e+03,-3.889513674268252544e+03
-6.524015953113161231e+03,3.014642879445046333e+02,3.077265800486298986e+02,-1.344010405809611939e+02,-3.521917615893764378e+03,-7.507930804610210544e+03,-3.657236582253802226e+03,1.206019881178246749e+02,3.450884290095833649e+02,-7.302448102378716612e+02,-7.302448102378716612e+02,3.450884290095833649e+02,-3.521917615893764378e+03,-8.263977829676756301e+03,-3.887562807643462293e+03
-6.485557917301774978e+03,3.073195845241046982e+02,3.138578284323224352e+02,-1.279941790085390636e+02,-3.475229223250771611e+03,-5.604976318790470032e+03,-3.626457112636683632e+03,2.425081944960749638e+02,2.425081944960749638e+02,-7.011499456240071595e+02,-7.011499456240071595e+02,3.547711768664403280e+02,-3.475229223250771611e+03,-8.174627672865703062e+03,-5.604976318790470032e+03
-5.906849914973523482e+03,3.151706543608480615e+02,3.182130112698908988e+02,-1.154051688093908865e+02,-2.703191659974261711e+03,-5.906849914973523482e+03,-2.703191659974261711e+03,2.637552975857530555e+02,2.637552975857530555e+02,-6.919014436103067283e+02,-2.107771031683473211e+03,3.601149988553565890e+02,-3.385751804411026569e+03,-8.117046488733568367e+03,-5.558464585416915725e+03
-5.866402013323101528e+03,1.099944384826186337e+02,3.252571559075533969e+02,1.099944384826186337e+02,-2.677880344588754269e+03,-5.866402013323101528e+03,-2.342769046963762776e+03,2.780934983342646092e+02,2.780934983342646092e+02,-6.729727680346912848e+02,-2.342769046963762776e+03,3.658301711486337808e+02,-3.354802771161392229e+03,-8.010982667697274337e+03,-5.527136788352976509e+03
-5.822919661306905255e+03,1.325332923316624658e+02,3.294834638494240835e+02,-2.473435733049908265e+02,-2.653842063206624516e+03,-5.822919661306905255e+03,-2.300079890800340308e+03,2.971044301806788326e+02,2.971044301806788326e+02,-2.473435733049908265e+02,-2.300079890800340308e+03,3.696687948801691164e+02,-3.327840678110799672e+03,-7.947554983013687888e+03,-5.462306458621444108e+03
-5.767362972720356993e+03,1.402488206770219392e+02,-8.364412776813735036e+03,-2.371837370566916832e+02,-2.625505693130337932e+03,-5.767362972720356993e+03,-2.253416241118225571e+03,3.120953035024667201e+02,3.120953035024667201e+02,-2.786975001110899029e+03,-2.253416241118225571e+03,3.726347757417718753e+02,-3.298602668596658987e+03,-7.850744323394161256e+03,-2.786975001110899029e+03
-5.718790007971031628e+03,1.450221927902550192e+02,-8.937371436417270161e+03,-2.280923515060475779e+02,-2.611300655041588470e+03,-3.912396522956716126e+03,-2.206397265108385000e+03,3.240950433959142174e+02,3.240950433959142174e+02,-2.731334381428911456e+03,-3.912396522956716126e+03,3.761556431110378185e+02,-3.270203845294606708e+03,-7.803210342836903692e+03,-2.731334381428911456e+03
-5.685805235190085114e+03,1.550284761721352140e+02,-8.355623809463886573e+03,7.308412371289574594e+01,-2.575371995041599803e+03,-3.219080701004535968e+03,-1.168887678818391350e+03,-1.168887678818391350e+03,3.395941453920995627e+02,-2.814970091177106951e+03,-3.869215691593091833e+03,3.846058652862855638e+02,-3.236782495412064691e+03,-7.714729190165746331e+03,-2.814970091177106951e+03
-5.652048083941202094e+03,2.677108379491048140e+02,-5.777334565441139603e+03,8.328825830623590321e+01,-2.546953509152440347e+03,-3.197608801714329275e+03,-1.134457498590519663e+03,-1.134457498590519663e+03,2.677108379491048140e+02,-2.753136967818596531e+03,-3.820945196245704210e+03,3.894185996605081073e+02,-5.777334565441139603e+03,-7.645813454760664172e+03,-2.753136967818596531e+03
-5.625305321874920992e+03,1.924538433100775876e+02,-8.076672814480257330e+03,1.924538433100775876e+02,-2.524862992042249061e+03,-2.531629435892365109e+03,-1.896310640600511533e+03,-1.120875782257639230e+03,2.705388884376201304e+02,-2.213970038246438435e+03,-3.770100496134237801e+03,-3.466555989545914827e+02,-5.591641152999553924e+03,-7.599883173670628821e+03,-2.213970038246438435e+03
-5.575542529985392321e+03,1.971945909096214677e+02,-9.106150985002186644e+03,-4.423720737150451896e+02,-2.506132048818830299e+03,-2.192396212681915131e+03,-2.087360399979979320e+03,-4.423720737150451896e+02,2.733666352861308155e+02,-2.189847977573662774e+03,-5.819964068313312964e+03,-3.350708124470010603e+02,-5.552162473328322449e+03,-7.512142302302487224e+03,-2.189847977573662774e+03
-5.540073385270713516e+03,1.997032361642583851e+02,-9.386123081367493796e+03,-4.316892332131254761e+02,-2.468438427907172809e+03,-2.161159078733060142e+03,-2.075641735320450152e+03,-4.316892332131254761e+02,-1.436964052460390917e+01,-2.163487988441266680e+03,-5.798137392210944199e+03,-1.436964052460390917e+01,-5.476783954455782805e+03,-7.425588218732767928e+03,-2.163487988441266680e+03
-5.510328210360605226e+03,-1.500771258194114068e+02,-9.329938125440128715e+03,-1.500771258194114068e+02,-2.448987274781896303e+03,-2.112330724692898002e+03,-2.062330063926435287e+03,-4.167441033229450795e+02,1.019372342571625580e+02,-2.062330063926435287e+03,-5.733316280273200391e+03,-9.300323014662964738e+00,-5.405573283436237944e+03,-7.381178079223191162e+03,-2.112330724692898002e+03
-5.452533567756554476e+03,-1.447334245374991610e+02,-9.221977538088931396e+03,-1.447334245374991610e+02,-2.413144928122973397e+03,-2.044985827579293527e+03,-2.050226310999951238e+03,-4.125264588355204296e+02,1.040661240415580551e+02,-2.051439812066288596e+03,-5.668107153869008471e+03,-6.461006846644295365e+00,-5.369689616467335327e+03,-7.295050530266156784e+03,-2.044985827579293527e+03
-2.904526302509234483e+03,-6.539731657794024500e+01,-9.162987219825223292e+03,-1.390129379076163332e+02,-2.379196359674881023e+03,-2.008199418495163172e+03,-2.026801629118810069e+03,-2.904526302509234483e+03,1.069729645818273980e+02,-2.022190850022422183e+03,-5.633361573120324465e+03,-6.539731657794024500e+01,-5.303020046232189998e+03,-7.222448783863430435e+03,-2.008199418495163172e+03
-2.816176845435506948e+03,-5.858664104137193362e+01,-7.984382214403109174e+03,-1.313708528462212826e+02,-2.361431823818619705e+03,-1.960847784080518750e+03,-2.002291211421417302e+03,-2.816176845435506948e+03,1.104001560811120726e+02,-2.013644291263539571e+03,-5.566597000390446738e+03,-5.858664104137193362e+01,-5.269801965398080938e+03,-7.984382214403109174e+03,-1.960847784080518750e+03
-2.782548953433310544e+03,-5.362154214542667319e+01,-7.835919618901626563e+03,-1.423839662569637994e+03,-2.327382481176440706e+03,-1.924523248573579167e+03,-1.989376563473773786e+03,-1.423839662569637994e+03,1.126384051930394605e+02,-1.987400697308576582e+03,-5.532753766912539504e+03,-5.362154214542667319e+01,-5.219934417503975055e+03,-7.835919618901626563e+03,-1.924523248573579167e+03
-5.142120129943841675e+03,-7.164172147513899063e+02,-7.759216350830824013e+03,-7.164172147513899063e+02,-2.309834289165383325e+03,-1.878304802684279821e+03,-1.963961496027875910e+03,-1.410901455543914835e+03,1.179267395488491559e+02,-1.958304283976533270e+03,-5.451768194373474216e+03,-4.257412939842492960e+01,-5.183239477051432004e+03,-5.142120129943841675e+03,-1.878304802684279821e+03
-5.086235781583163771e+03,-7.089099114563553030e+02,-7.709018712773748121e+03,-7.089099114563553030e+02,-2.275258468368628655e+03,-1.836592845996415235e+03,-1.947029681792759675e+03,-1.394699874232100001e+03,1.213675739476085482e+02,-1.944586099113422051e+03,-5.413168980559608826e+03,-3.815849468280440249e+01,-5.120709366488663363e+03,-5.086235781583163771e+03,-8.778224108796825021e+03
-4.977288083972222012e+03,-6.950517820249490342e+02,-7.629796949984107414e+03,-6.950517820249490342e+02,-2.240308847822542702e+03,-1.820301307376800196e+03,-1.924447763042169299e+03,-3.142312765234427388e+03,1.289397980967199544e+02,-1.924447763042169299e+03,-5.379207411662943741e+03,-2.614894924283339606e+01,-5.070830155557900071e+03,-3.142312765234427388e+03,-9.226054068921197540e+03
-4.914094612325015078e+03,-6.803069418824378545e+02,-7.585635559285314230e+03,-1.901593723319105493e+03,-2.221917137974095567e+03,-1.786484856026428588e+03,-1.842651003274368577e+03,-1.901593723319105493e+03,1.350169793260524216e+02,-1.842651003274368577e+03,-5.313035174300860490e+03,-2.298332275279578596e+01,-4.005469140151790725e+03,-4.005469140151790725e+03,-9.172162698574997194e+03
-4.881681063322006594e+03,-6.704976053499525506e+02,-7.539091353520032499e+03,-1.862313022646383160e+03,-2.203364377098632758e+03,-1.768723112514441027e+03,-1.812826928411812787e+03,-1.862313022646383160e+03,1.396153704957521029e+02,-1.812826928411812787e+03,-5.245980122780420061e+03,-1.959774517786412389e+03,-3.990604814269376220e+03,-1.959774517786412389e+03,-9.060474022886588500e+03
-4.813048813473973496e+03,-6.649651234228470003e+02,-4.729088138026903835e+03,-1.828978659776199947e+03,-2.173654270776160956e+03,-1.733319841306542457e+03,-1.754596884021026426e+03,-1.828978659776199947e+03,1.459946527653315798e+02,-1.754596884021026426e+03,-5.210968201019149092e+03,-1.932647016295108642e+03,-4.729088138026903835e+03,-3.775982768345277236e+03,-9.002132880930876127e+03
-4.773882138774995838e+03,-6.523538368763113340e+02,-4.701973526465577379e+03,-1.810863203965593812e+03,-1.922992503641515668e+03,-1.922992503641515668e+03,-1.701689336501424577e+03,-3.217969331907493142e+03,1.508198118577157061e+02,-1.701689336501424577e+03,-5.141464314152055522e+03,-1.908753040382374820e+03,-3.217969331907493142e+03,-3.755641172769936475e+03,-8.914112454091602558e+03
-4.720855148452401409e+03,-6.441717676145804035e+02,-4.682020866459284662e+03,-1.814045477023901867e+03,-1.843007065543178214e+03,-1.843007065543178214e+03,-1.669284309290487045e+03,-3.181472141369132260e+03,1.605577007983704902e+02,-1.669284309290487045e+03,-5.083874997367580363e+03,-1.814045477023901867e+03,-5.940057851903847222e+03,-4.797568104231383586e+03,-4.797568104231383586e+03
-4.652791745491691472e+03,-1.178077709701154163e+03,-4.666810745338272682e+03,-1.788094838430995878e+03,-1.814212756353312216e+03,-1.814212756353312216e+03,-1.608143431876951126e+03,-3.164942550496352396e+03,1.658836773865413079e+02,-1.608143431876951126e+03,-5.024812497366942807e+03,-1.178077709701154163e+03,-5.907799601525044636e+03,-4.711235134247024689e+03,-4.711235134247024689e+03
-4.598181350448634475e+03,-1.991867554777538999e+03,-4.571382609251677422e+03,-1.778690089705803530e+03,-1.750618508117142937e+03,-1.750618508117142937e+03,-1.566845545637519308e+03,-3.136655820205667624e+03,1.705316068648328667e+02,-1.566845545637519308e+03,-4.963754677679807173e+03,-1.991867554777538999e+03,-5.844216498930674788e+03,-3.718197729174163669e+03,-3.718197729174163669e+03
-4.557733942380860753e+03,-1.964924257727526310e+03,-4.550537421905087285e+03,-1.762217816218913185e+03,-1.703581827044092734e+03,-1.703581827044092734e+03,-1.510441768796333690e+03,-3.113993006096074168e+03,1.801497569527139717e+02,-1.510441768796333690e+03,-4.922860039255036099e+03,-2.966055879616294987e+03,-5.810788662589223350e+03,-3.072007792187017913e+03,-3.072007792187017913e+03
-4.504908288097758486e+03,-1.951095019602681077e+03,-4.529844319479087062e+03,-1.749013902045777741e+03,-1.654794870916405671e+03,-1.654794870916405671e+03,-1.463038347459624219e+03,-3.080801454730199112e+03,1.900589541832573559e+02,-1.463038347459624219e+03,-4.843153162801173494e+03,-2.980757392780005830e+03,-5.747879523321881607e+03,-2.980757392780005830e+03,-3.024748099681697568e+03
-4.453040764319141090e+03,-1.923722664909272225e+03,-3.046134126656177614e+03,-1.731815135700134761e+03,-1.594264522510787174e+03,-3.046134126656177614e+03,-1.413437338371817759e+03,-3.051373656763920735e+03,1.950473317660254509e+02,-1.413437338371817759e+03,-4.763240283834266847e+03,-2.891524026245461755e+03,-5.695140720289507954e+03,-2.891524026245461755e+03,-2.980261865203136949e+03
-4.401687043358052506e+03,-2.338353294773585731e+03,-2.512306616519673753e+03,-1.721292027609478509e+03,-2.419518075296465213e+03,-2.512306616519673753e+03,-1.376257224361428143e+03,-3.010651916249013084e+03,2.045948098476882251e+02,-1.376257224361428143e+03,-4.722245792549706493e+03,-2.593955799004278560e+03,-5.642914663310079050e+03,-2.593955799004278560e+03,-2.936237929671387064e+03
-4.368959065058817941e+03,-2.306375522003184869e+03,-2.420910075777019301e+03,-1.700402089898003624e+03,-2.416693401115683173e+03,-3.531194640924306896e+03,-1.316465640159282430e+03,-2.989249188534519362e+03,2.074760892584586998e+02,-1.316465640159282430e+03,-3.531194640924306896e+03,-2.596223151691861858e+03,-5.610325201130486676e+03,-2.596223151691861858e+03,-2.675792463246307307e+03
-4.307222203364119196e+03,-2.398928637677624010e+03,-2.832983735189370691e+03,-1.678322109322170718e+03,-2.883742638230785815e+03,-2.832983735189370691e+03,-1.280895465998478585e+03,-2.967702060635784619e+03,2.177566159803253356e+02,-1.280895465998478585e+03,-3.002805629034209232e+03,-2.464688060071347536e+03,-5.559579918994793843e+03,-2.464688060071347536e+03,-2.654803954965766479e+03
-2.684707081109107094e+03,-2.393660395308564148e+03,-2.853797694910044811e+03,-1.666599664077015404e+03,-2.777649537784554923e+03,-2.777649537784554923e+03,-1.238667835472801926e+03,-2.853797694910044811e+03,2.227853006852782869e+02,-2.684707081109107094e+03,-2.990460071183979380e+03,-2.379946836277825241e+03,-5.509358327343972633e+03,-2.379946836277825241e+03,-2.610239088822174381e+03
-2.755453355135920901e+03,-2.332667683575246883e+03,-2.717596959078889540e+03,-1.641327241856206228e+03,-2.717596959078889540e+03,-2.717596959078889540e+03,-1.215620407820503715e+03,-2.717596959078889540e+03,2.329897519210466612e+02,-2.640616984019323354e+03,-2.755453355135920901e+03,-2.373183304619958562e+03,-5.476746514837936047e+03,-2.373183304619958562e+03,-2.414329047775012441e+03
-2.711879860847717737e+03,-1.645858547722579715e+03,-2.664415054525943106e+03,-1.626805972540025778e+03,-2.658219877185819769e+03,-2.664415054525943106e+03,-1.180197556371800829e+03,-2.658219877185819769e+03,-1.002181116170490100e+03,-2.614818302032912015e+03,-5.759129662082521463e+03,-1.645858547722579715e+03,-5.415082998430375483e+03,-2.289535979274669444e+03,-2.379584974316599983e+03
-2.701809364005425778e+03,-1.598679441485779762e+03,-2.636473874320992763e+03,-3.433896502272198177e+03,-2.635858265639944875e+03,-2.636473874320992763e+03,-1.155967275474916505e+03,-2.635858265639944875e+03,-1.513637340650949454e+03,-2.596507897184831563e+03,-9.276768032180516457e+03,-1.598679441485779762e+03,-3.433896502272198177e+03,-1.683721542320609842e+03,-2.359689264720246683e+03
-2.667403079855406759e+03,-1.549293742979821673e+03,-2.582953025131362665e+03,-3.354607698498076388e+03,-2.607349898853595732e+03,-2.582953025131362665e+03,-1.806528090573503732e+03,-2.607349898853595732e+03,-1.531897148324655973e+03,-1.806528090573503732e+03,-9.270378154641744914e+03,-1.557992040307404523e+03,-3.354607698498076388e+03,-1.557992040307404523e+03,-2.321175254423598290e+03
-2.576549905498137377e+03,-1.498619007223761855e+03,-2.541344479622006929e+03,-3.283229286336506902e+03,-2.576549905498137377e+03,-2.566529522926362006e+03,-1.773802735958705853e+03,-2.541344479622006929e+03,-1.493393579057038778e+03,-1.773802735958705853e+03,-9.172122621869248178e+03,-1.498619007223761855e+03,-3.283229286336506902e+03,-1.523894839707794745e+03,-2.301326236267040258e+03
-2.552623410392193819e+03,-1.458299317017806970e+03,-2.492275957256767470e+03,-3.234472634315347477e+03,-2.552623410392193819e+03,-2.546497807034565085e+03,-1.730791576334130013e+03,-2.492275957256767470e+03,-1.460156394916940826e+03,-1.730791576334130013e+03,-9.117295485727092455e+03,-1.458299317017806970e+03,-3.234472634315347477e+03,-1.493983256930819152e+03,-2.263510163578633183e+03
-2.525635948837139040e+03,-1.421995822932202373e+03,-2.467021743276485722e+03,-3.144040772650279905e+03,-2.525635948837139040e+03,-5.665217649736792737e+03,-1.706957394622365427e+03,-2.467021743276485722e+03,-1.423740113999715277e+03,-1.706957394622365427e+03,-5.665217649736792737e+03,-1.421995822932202373e+03,-3.144040772650279905e+03,-1.433326528094076593e+03,-2.243657863989162252e+03
-2.499448563555359669e+03,-1.367879635613029222e+03,-2.440044076635172587e+03,-3.096381205746624801e+03,-2.499448563555359669e+03,-5.597261084732032032e+03,-1.701077389661121288e+03,-2.440044076635172587e+03,-1.367416167807125476e+03,-1.701077389661121288e+03,-4.273665741431716015e+03,-1.367879635613029222e+03,-4.273665741431716015e+03,-1.376603016261295352e+03,-2.201935863638216688e+03
-5.757257664329239560e+03,-1.316612502114852305e+03,-2.408477684113310261e+03,-3.576893026521033335e+03,-2.426309633618656790e+03,-5.546665900726958171e+03,-1.699473941230439550e+03,-2.426309633618656790e+03,-1.341825034100195353e+03,-1.492485823417543997e+03,-4.196219179106703450e+03,-1.316612502114852305e+03,-3.576893026521033335e+03,-1.492485823417543997e+03,-2.165575554996276878e+03
-9.108295448887351085e+03,-1.359667299636758344e+03,-2.392376579237439728e+03,-3.510742005079583578e+03,-2.398189001287224983e+03,-5.513872066532834651e+03,-1.472805747068498022e+03,-2.398189001287224983e+03,-1.365960641776284319e+03,-1.461940013159354748e+03,-4.144359322918673570e+03,-1.359667299636758344e+03,-3.510742005079583578e+03,-1.354458009406483370e+03,-2.144482853989867181e+03
-9.274272206710709725e+03,-1.346293775010086847e+03,-2.361600125833937454e+03,-3.462012914681738494e+03,-2.378431034766358607e+03,-5.447649157664948689e+03,-1.385448535744862056e+03,-2.378431034766358607e+03,-1.353573950544999661e+03,-1.440666458142750798e+03,-4.110170194770877060e+03,-1.346293775010086847e+03,-3.462012914681738494e+03,-1.323383315228553101e+03,-2.102901676965899242e+03
-9.270053616736600816e+03,-1.316550799019973283e+03,-2.342162801704767844e+03,-3.358899696774000859e+03,-2.367117622180910985e+03,-5.412695158479704332e+03,-1.317963350506978031e+03,-2.367117622180910985e+03,-1.316550799019973283e+03,-1.307440544401136322e+03,-4.078620594294647162e+03,-1.317963350506978031e+03,-3.358899696774000859e+03,-1.307440544401136322e+03,-2.060150710867023463e+03
-9.144074960516431020e+03,-1.297509394572440215e+03,-2.311142848146558208e+03,-3.311629128774069613e+03,-2.346780005116348548e+03,-5.346100073655425149e+03,-1.294337486208840801e+03,-2.346780005116348548e+03,-1.297509394572440215e+03,-1.264918349057514433e+03,-4.027058044101144333e+03,-1.301382813186490012e+03,-3.311629128774069613e+03,-1.264918349057514433e+03,-2.040193917474226510e+03
-9.077346327683011623e+03,-1.282483384307273354e+03,-3.726095286789757665e+03,-3.219837601716328209e+03,-2.321173841131578683e+03,-3.726095286789757665e+03,-1.281416984080190105e+03,-2.321173841131578683e+03,-1.282483384307273354e+03,-1.214857224017891667e+03,-3.992757186904022547e+03,-1.273661862057864710e+03,-3.219837601716328209e+03,-1.214857224017891667e+03,-2.002678728380688199e+03
-9.008731396920153202e+03,-1.269519451719693734e+03,-3.666821946720688175e+03,-3.161107552693241814e+03,-2.287505595810041996e+03,-3.745737330809069135e+03,-1.270627254643945435e+03,-2.287505595810041996e+03,-1.269519451719693734e+03,-1.159430611233010950e+03,-3.745737330809069135e+03,-1.258360061371569827e+03,-3.161107552693241814e+03,-1.159430611233010950e+03,-1.983469172082218847e+03
-8.950675480775040342e+03,-1.256476169445536016e+03,-3.623013975247501094e+03,-3.107791851218596094e+03,-2.249783027768507509e+03,-3.683259479375517003e+03,-1.667606424114173024e+03,-2.249783027768507509e+03,-1.256476169445536016e+03,-1.108220850626104721e+03,-3.683259479375517003e+03,-1.875675657845107253e+03,-5.412634251753142962e+03,-1.108220850626104721e+03,-1.945783079188309102e+03
-8.832350790022943329e+03,-1.248025945890243293e+03,-3.548800933709294895e+03,-3.080404624375319145e+03,-2.221980772395080749e+03,-3.548800933709294895e+03,-3.358171423771416812e+03,-2.221980772395080749e+03,-1.248025945890243293e+03,-1.051509898760314854e+03,-3.622431953022927246e+03,-6.070394513637287673e+03,-7.425763407964366706e+03,-1.051509898760314854e+03,-1.907900266502276509e+03
-8.744243374472331197e+03,-2.249647850819707855e+03,-3.477244787589201678e+03,-3.065720645401288039e+03,-2.180602936042358579e+03,-3.477244787589201678e+03,-2.249647850819707855e+03,-2.180602936042358579e+03,-1.238820513243917503e+03,-1.011410092491039336e+03,-3.600003831497661395e+03,-7.938912088592118380e+03,-8.776870826103375293e+03,-1.011410092491039336e+03,-1.890225443533277030e+03
-8.657749199604424575e+03,-1.968801786941695354e+03,-3.434530208839497391e+03,-3.026417663921680742e+03,-5.525264881181772580e+03,-3.434530208839497391e+03,-1.968801786941695354e+03,-2.146913307494934998e+03,-1.722195752084812966e+03,-9.686467532306395469e+02,-3.559046173009459835e+03,-7.888215853270469779e+03,-9.274272206710709725e+03,-9.686467532306395469e+02,-1.855466665404984951e+03
-8.603812425186766632e+03,-1.920589151969528984e+03,-3.350787669639533306e+03,-3.007940804470308194e+03,-7.383363380981881164e+03,-3.350787669639533306e+03,-1.920589151969528984e+03,-2.132799290935214231e+03,-1.717680060676503217e+03,-9.267264446867702645e+02,-3.539420880046540333e+03,-7.792184908729078415e+03,-7.383363380981881164e+03,-9.267264446867702645e+02,-1.831248921986515370e+03
-5.184246281546722457e+03,-1.872500120259875530e+03,-3.311102211326358429e+03,-2.301295778834437442e+03,-7.230049659763523778e+03,-3.311102211326358429e+03,-1.872500120259875530e+03,-5.184246281546722457e+03,-2.301295778834437442e+03,-8.662940897512773972e+02,-3.502861440483882689e+03,-7.743391667180273544e+03,-8.778224108796825021e+03,-8.662940897512773972e+02,-1.795650383286489614e+03
-5.120963793590694877e+03,-2.021166910637383126e+03,-3.262564845902869820e+03,-2.280495365489467076e+03,-7.178203083532527671e+03,-3.262564845902869820e+03,-1.839265894296257784e+03,-5.120963793590694877e+03,-2.021166910637383126e+03,-8.292171840283824622e+02,-3.461903242492334812e+03,-7.652582045160032067e+03,-9.224206350757940527e+03,-8.292171840283824622e+02,-1.758949493373646874e+03
-5.026858116770207744e+03,-1.996468602427740507e+03,-3.187274472584220348e+03,-2.102615566070096065e+03,-7.093218016009812345e+03,-3.187274472584220348e+03,-1.796854441804882299e+03,-5.026858116770207744e+03,-2.102615566070096065e+03,-7.902698154349411652e+02,-3.438816664610124462e+03,-7.605860908424298032e+03,-9.170325758146895168e+03,-7.902698154349411652e+02,-1.740208928803861909e+03
-4.913798658940570931e+03,-1.976985946122160840e+03,-3.130075037929855171e+03,-2.063252621910097332e+03,-7.048891828219915624e+03,-3.130075037929855171e+03,-1.776692582674856794e+03,-4.913798658940570931e+03,-2.063252621910097332e+03,-7.466783122002150321e+02,-3.395978526094282643e+03,-7.535477091762200871e+03,-9.058658819526590378e+03,-7.466783122002150321e+02,-1.739332499642821858e+03
-4.855153681651478109e+03,-8.781216518332115811e+03,-3.070907273229458951e+03,-2.035870538142151645e+03,-6.964245195732508364e+03,-3.070907273229458951e+03,-1.737711957318279246e+03,-4.855153681651478109e+03,-2.035870538142151645e+03,-1.024528647511534928e+03,-3.369624084705727000e+03,-7.448993652297821427e+03,-8.976342322304795744e+03,-9.838848308621073784e+02,-1.024528647511534928e+03
-4.766022408882932723e+03,-8.951216279151507479e+03,-3.019832127644727734e+03,-2.013065012270144734e+03,-6.879797646486390477e+03,-3.019832127644727734e+03,-1.700800293864195737e+03,-4.766022408882932723e+03,-6.959399287688116601e+03,-1.006470438707449830e+03,-3.343592527748908196e+03,-7.403836745452389550e+03,-8.893573949688558059e+03,-9.708503543438382621e+02,-1.006470438707449830e+03
-4.714160823961981805e+03,-8.935170208073692265e+03,-2.962862909864765243e+03,-4.404829976066310337e+03,-6.836174435031880421e+03,-2.962862909864765243e+03,-1.682461979580411480e+03,-4.714160823961981805e+03,-4.404829976066310337e+03,-9.867739895984219629e+02,-3.302554051834803431e+03,-7.975521826411464644e+03,-7.975521826411464644e+03,-9.477594641730265721e+02,-9.867739895984219629e+02
-3.769607565913862800e+03,-9.031320596238390863e+03,-3.769607565913862800e+03,-4.342317419268729282e+03,-6.730795889945168710e+03,-2.908073846427204899e+03,-1.647185097389191924e+03,-4.634594604186975630e+03,-4.342317419268729282e+03,-9.708597550435923722e+02,-3.280989547665970349e+03,-7.847544003677970977e+03,-7.847544003677970977e+03,-9.360549957850457758e+02,-9.708597550435923722e+02
-3.720371386671193250e+03,-8.982806250891117088e+03,-3.720371386671193250e+03,-4.294464069439436571e+03,-6.681427593728641114e+03,-2.887181153069351240e+03,-1.629598710254756043e+03,-4.585538800051590442e+03,-4.294464069439436571e+03,-9.584977582777415819e+02,-3.248152015204774671e+03,-7.711537658106547497e+03,-7.711537658106547497e+03,-9.163007091697311353e+02,-9.584977582777415819e+02
-3.687763560323563070e+03,-6.479010305730125765e+03,-3.687763560323563070e+03,-4.244953138489375306e+03,-6.633295574923913591e+03,-2.844182857092814629e+03,-1.242269908715371002e+03,-4.537122912811599235e+03,-6.479010305730125765e+03,-1.242269908715371002e+03,-3.216997646862964757e+03,-7.532951683700002832e+03,-7.532951683700002832e+03,-9.046429210673608168e+02,-9.372284088598785274e+02
-3.644629842865414957e+03,-6.397769570788954297e+03,-3.644629842865414957e+03,-5.247624939120476483e+03,-6.592180868000313239e+03,-2.810168682970538612e+03,-1.215720698118898326e+03,-4.506846715998059153e+03,-5.247624939120476483e+03,-1.215720698118898326e+03,-3.193328204294072748e+03,-4.175940147968824022e+03,-7.437841566256296574e+03,-8.738817333819615669e+02,-4.175940147968824022e+03
-3.579820008520062856e+03,-6.326312673125536094e+03,-3.579820008520062856e+03,-3.918100846849506524e+03,-6.514787737381780971e+03,-3.918100846849506524e+03,-1.196726197675704725e+03,-4.442595768699311520e+03,-5.163993138251304117e+03,-1.196726197675704725e+03,-3.155404189034310548e+03,-4.053863855253058318e+03,-7.369898425928307915e+03,-8.654900211556924887e+02,-4.053863855253058318e+03
-3.508148364196159491e+03,-5.610675818449900362e+03,-3.508148364196159491e+03,-4.687550533494593765e+03,-5.359893485895828235e+03,-3.860386695818654061e+03,-1.188914144858708823e+03,-5.359893485895828235e+03,-4.687550533494593765e+03,-2.559602879557628057e+03,-3.117635207386830643e+03,-4.019831717701890739e+03,-7.319435956303716011e+03,-8.412507911774196145e+02,-2.559602879557628057e+03
-5.626844901352960733e+03,-5.055624114022002686e+03,-4.305464098861730236e+03,-4.877753729806717274e+03,-4.305464098861730236e+03,-3.815155262174228483e+03,-1.183200534152530281e+03,-3.009869804172502882e+03,-4.745346118458413912e+03,-2.525099874201893726e+03,-3.098684312375969967e+03,-3.970284976273674147e+03,-4.877753729806717274e+03,-3.009869804172502882e+03,-2.525099874201893726e+03
-5.596650038165589649e+03,-4.840085948634407032e+03,-4.267850470837074681e+03,-4.795418405838568106e+03,-4.267850470837074681e+03,-3.790985653212156649e+03,-1.180661954088750917e+03,-2.962835547223412050e+03,-4.795418405838568106e+03,-2.497204643186762951e+03,-3.069118967068529855e+03,-3.398829849890794321e+03,-4.805395434477844901e+03,-3.398829849890794321e+03,-2.497204643186762951e+03
-5.081535654629269629e+03,-4.731863688393189477e+03,-4.214909955137083671e+03,-5.081535654629269629e+03,-3.473524142064781245e+03,-3.745922008326352625e+03,-1.175165213899181936e+03,-3.473524142064781245e+03,-4.731863688393189477e+03,-2.463131769714546863e+03,-3.040384942664935352e+03,-3.358784092809280082e+03,-4.775646921320993897e+03,-3.417590422005740038e+03,-2.463131769714546863e+03
-5.015783129797546280e+03,-3.968118984476109290e+03,-4.180730981964334205e+03,-5.015783129797546280e+03,-3.419818294156962111e+03,-3.723196897950950188e+03,-1.168885345761395911e+03,-3.419818294156962111e+03,-4.717146462812712343e+03,-2.429068918584958283e+03,-3.011132659506372420e+03,-3.627948263849715659e+03,-4.744855192935151535e+03,-3.627948263849715659e+03,-2.429068918584958283e+03
-4.939955200159668493e+03,-3.717801345858957575e+03,-4.178630037854046350e+03,-4.939955200159668493e+03,-3.397383811520459858e+03,-3.676676480286635524e+03,-1.165388458480271311e+03,-3.397383811520459858e+03,-4.690639085507868003e+03,-2.403059673685303096e+03,-2.992104281554619774e+03,-3.717801345858957575e+03,-4.697699469013510679e+03,-3.579622839389423461e+03,-2.403059673685303096e+03
-4.859418885656207749e+03,-3.667573980798864795e+03,-3.758368208515199058e+03,-4.859418885656207749e+03,-3.550961813079452895e+03,-3.651107966602543911e+03,-1.159233920615058878e+03,-3.550961813079452895e+03,-4.674421092443537418e+03,-2.367182785229904312e+03,-2.953813394006496310e+03,-3.667573980798864795e+03,-4.654084157074517861e+03,-3.544217619442418254e+03,-2.367182785229904312e+03
-4.754041052262953599e+03,-4.045926523592843296e+03,-3.551803530748702087e+03,-4.754041052262953599e+03,-3.551803530748702087e+03,-3.630400307197182883e+03,-1.158565216774853070e+03,-3.543873720986202898e+03,-4.045926523592843296e+03,-2.306120928820660083e+03,-2.932897016641773007e+03,-3.618200264578667429e+03,-4.633115242524816495e+03,-3.522866538807983034e+03,-2.306120928820660083e+03
-4.674465442473552685e+03,-3.999531477342587550e+03,-3.521861144615922512e+03,-4.674465442473552685e+03,-3.521861144615922512e+03,-3.610256164171997170e+03,-1.155212242564610278e+03,-3.537446224829599032e+03,-3.999531477342587550e+03,-2.272145513524218131e+03,-2.892075678443273318e+03,-3.584561640234172046e+03,-4.594608924729564023e+03,-3.500412209524366062e+03,-2.272145513524218131e+03
-4.600067802680718160e+03,-3.929536341404984341e+03,-3.490136270183663783e+03,-4.600067802680718160e+03,-3.490136270183663783e+03,-3.571813904656604791e+03,-1.152632665982490835e+03,-3.524386031142495540e+03,-3.929536341404984341e+03,-2.222832070674252464e+03,-2.863375591000261920e+03,-3.524386031142495540e+03,-4.565397711562525728e+03,-3.485034324748236031e+03,-2.222832070674252464e+03
-4.519526695382766775e+03,-3.902376517200644230e+03,-3.902376517200644230e+03,-4.519526695382766775e+03,-3.477707398733424725e+03,-3.534122958911335900e+03,-4.978920994932168469e+03,-3.492431799640141435e+03,-3.844993127833773542e+03,-9.258708080841253832e+03,-2.837018502506871755e+03,-3.492431799640141435e+03,-3.959759906567515372e+03,-3.453354668322094767e+03,-2.173576987552689388e+03
-4.447349578686735185e+03,-3.615819443979462449e+03,-3.838435087370343808e+03,-4.447349578686735185e+03,-3.465346243049299574e+03,-3.515013156566862563e+03,-4.928015528662228462e+03,-3.483874117833429864e+03,-3.821564195098447726e+03,-9.255577613646892132e+03,-9.261405980101057139e+03,-3.615819443979462449e+03,-3.922118788873724952e+03,-3.426063859202665299e+03,-2.153828808772554112e+03
-4.377193604749853876e+03,-3.578387921990596624e+03,-3.828647539290154327e+03,-4.377193604749853876e+03,-3.458614035604897708e+03,-3.478924475175349471e+03,-4.874146437033672555e+03,-3.473374250231488531e+03,-3.777099119898535719e+03,-8.936611680599589818e+03,-8.779015289988537916e+03,-3.578387921990596624e+03,-3.900505120182752762e+03,-3.398483783774750918e+03,-2.117575404859837818e+03
-4.304069073408227268e+03,-3.644002413009533939e+03,-3.644002413009533939e+03,-4.304069073408227268e+03,-3.494872321311349879e+03,-3.460656456009010071e+03,-4.845679490386199177e+03,-3.452726887215286752e+03,-3.731227416426547279e+03,-8.990050982490696697e+03,-9.256828278814857185e+03,-3.494872321311349879e+03,-3.858629364530009752e+03,-3.369571957705375098e+03,-2.089649483427991072e+03
-4.251736323946785888e+03,-3.585977933160616431e+03,-3.585977933160616431e+03,-4.251736323946785888e+03,-3.475324205954679201e+03,-3.432134244285075511e+03,-4.815761159009596668e+03,-3.429130555205439123e+03,-3.706888135219624928e+03,-8.914809139642864466e+03,-9.252604586824669241e+03,-3.475324205954679201e+03,-3.816688255291524001e+03,-3.346538954735762218e+03,-2.068971178612215226e+03
-4.176552325463291709e+03,-3.515513548385669310e+03,-3.515513548385669310e+03,-4.176552325463291709e+03,-3.446802959584885684e+03,-3.410323981045154596e+03,-3.342277602044511696e+03,-3.419126051513158018e+03,-3.659849235390555805e+03,-8.865627814813979057e+03,-9.212533589529879464e+03,-3.446802959584885684e+03,-3.793890495234059017e+03,-3.311931245535209655e+03,-3.342277602044511696e+03
-4.122736415601069893e+03,-3.464220962620476257e+03,-3.464220962620476257e+03,-4.122736415601069893e+03,-3.419919763800948203e+03,-3.321145111533732688e+03,-3.321145111533732688e+03,-3.398469431968062963e+03,-3.614947108565561393e+03,-8.770809080217986775e+03,-9.162672024395364133e+03,-3.419919763800948203e+03,-3.758189527193091180e+03,-3.292851156065560644e+03,-3.269459020492885884e+03
-4.077260605326722725e+03,-3.391073122990895627e+03,-3.391073122990895627e+03,-3.654670041956417208e+03,-3.378944635146944620e+03,-3.443374760271264677e+03,-3.443374760271264677e+03,-3.383752208551750755e+03,-3.592573874043896467e+03,-8.674917026107767015e+03,-9.088315846509345647e+03,-3.378944635146944620e+03,-3.722255733269101256e+03,-3.252074860139304292e+03,-3.249906129092397805e+03
-4.059766595466118360e+03,-3.455827573769435276e+03,-3.336959857455600286e+03,-3.452530536045214831e+03,-3.344058296381033870e+03,-3.445696799211781126e+03,-3.445696799211781126e+03,-3.356003188775016042e+03,-3.551624442122742039e+03,-8.624492262881973147e+03,-6.060882456826670932e+03,-3.344058296381033870e+03,-3.455827573769435276e+03,-3.208153368566434892e+03,-6.060882456826670932e+03
-4.042497082175335890e+03,-3.381498325271767044e+03,-3.303535352068917746e+03,-3.383404246538782445e+03,-3.282059509521327527e+03,-3.383404246538782445e+03,-3.391089968789930026e+03,-3.329768440155469307e+03,-3.530668856391604095e+03,-8.527728794933369500e+03,-5.964059531233395319e+03,-3.282059509521327527e+03,-3.381498325271767044e+03,-3.189855670465398362e+03,-5.964059531233395319e+03
-4.032908032286825346e+03,-3.331359806658732850e+03,-3.263319600571670890e+03,-3.355723280594120297e+03,-3.229880934546337357e+03,-3.355723280594120297e+03,-3.361284734645400022e+03,-3.312429303829760102e+03,-3.499499536691732828e+03,-8.431861028838673519e+03,-5.833853894710498935e+03,-3.229880934546337357e+03,-3.331359806658732850e+03,-3.154768702855757510e+03,-5.833853894710498935e+03
-4.015426605208278488e+03,-3.248820586558058494e+03,-3.242966141650854297e+03,-3.279855783912591505e+03,-3.185979021373179876e+03,-3.279855783912591505e+03,-3.274486513104313417e+03,-3.279453938152395949e+03,-3.458643721491501310e+03,-8.383035582907981734e+03,-5.731608296573877851e+03,-3.185979021373179876e+03,-3.248820586558058494e+03,-3.135873134996074441e+03,-5.731608296573877851e+03
-3.981922610426220217e+03,-3.203095597446534157e+03,-3.211531205198186399e+03,-3.250995131873256014e+03,-3.130001359118999972e+03,-3.250995131873256014e+03,-3.259582747021377145e+03,-3.262504496599197410e+03,-3.437225252198643830e+03,-8.292855522163270507e+03,-5.607308005405108815e+03,-3.130001359118999972e+03,-3.203095597446534157e+03,-3.095358429533684557e+03,-5.607308005405108815e+03
-3.960246267780575181e+03,-3.162777690674080077e+03,-3.169966423706417118e+03,-3.275592763875602941e+03,-3.077259597617799955e+03,-3.162777690674080077e+03,-3.233651608601669977e+03,-3.228412934610063985e+03,-3.275592763875602941e+03,-8.238501165740344732e+03,-5.514492173182355145e+03,-3.077259597617799955e+03,-3.119480262756925640e+03,-3.073139310803262561e+03,-5.514492173182355145e+03
-3.913838522477625702e+03,-4.257404229132589535e+03,-3.147254087507963504e+03,-3.081870441654340993e+03,-2.997680003203852721e+03,-3.097359563739924852e+03,-3.220830907717268019e+03,-3.199600270034463392e+03,-3.151949365654254507e+03,-8.185917061429952810e+03,-5.386470650354083773e+03,-2.997680003203852721e+03,-3.081870441654340993e+03,-3.031145003867052310e+03,-4.257404229132589535e+03
-3.879880062039668246e+03,-3.568402381974923628e+03,-2.964128813316447577e+03,-3.014274345291582449e+03,-2.951954704119071721e+03,-3.014274345291582449e+03,-3.189081426038042082e+03,-3.170809957824270896e+03,-3.040394319800539051e+03,-8.112518891332409112e+03,-5.348556755136219181e+03,-2.964128813316447577e+03,-3.568402381974923628e+03,-3.000380295011965245e+03,-4.140060992289389105e+03
-3.857394130359168685e+03,-3.038554022704775889e+03,-3.176054116607663673e+03,-2.988460800606992962e+03,-2.910918437088913834e+03,-3.239308061229281066e+03,-3.147306486320353088e+03,-3.154734652055818970e+03,-3.020872302932104958e+03,-6.608951342130372723e+03,-6.608951342130372723e+03,-3.038554022704775889e+03,-3.176054116607663673e+03,-2.958412733452659268e+03,-4.110483144737656403e+03
-3.813285065602127361e+03,-3.094242591461180837e+03,-3.133639312711592083e+03,-2.960887584735300607e+03,-2.890276077525109486e+03,-2.965145488000404839e+03,-3.127752320699038592e+03,-3.119202833312383973e+03,-3.006373105964066781e+03,-6.486599962778145709e+03,-6.486599962778145709e+03,-3.066094016671265308e+03,-3.066094016671265308e+03,-2.965145488000404839e+03,-4.079456880769054806e+03
-3.789352056664093197e+03,-2.976411830039321103e+03,-3.032377265554159749e+03,-2.892861212352504481e+03,-2.850533355558773565e+03,-2.976411830039321103e+03,-3.104311202097424029e+03,-3.100941451988613153e+03,-3.032377265554159749e+03,-6.370613462283286935e+03,-6.370613462283286935e+03,-3.015280744753173622e+03,-3.015280744753173622e+03,-2.892861212352504481e+03,-4.037314992147357771e+03
-3.741550758894828959e+03,-2.946343020644661920e+03,-2.943592785087013908e+03,-2.842088761039643941e+03,-2.813056464298452283e+03,-2.919627640088286626e+03,-3.071054154742564606e+03,-3.066637743865174798e+03,-2.943592785087013908e+03,-6.256342905437300942e+03,-6.256342905437300942e+03,-2.973058401201037668e+03,-2.946343020644661920e+03,-2.842088761039643941e+03,-3.992164270402598049e+03
-3.691282217050771123e+03,-2.878236079996532681e+03,-2.909663633817037862e+03,-2.777442399806919639e+03,-2.859282305610285675e+03,-2.903597183587598465e+03,-3.052483526358347262e+03,-2.859282305610285675e+03,-2.909663633817037862e+03,-6.181943667249425744e+03,-6.181943667249425744e+03,-2.965420038158789794e+03,-2.878236079996532681e+03,-5.902392063919176508e+03,-3.966252972931812565e+03
-3.664193244583640080e+03,-2.841395981454899811e+03,-2.847089159655924959e+03,-2.761115813015555887e+03,-2.829288052914288528e+03,-2.877155784277820203e+03,-4.461237800028638958e+03,-2.829288052914288528e+03,-2.847089159655924959e+03,-6.129668577673383879e+03,-4.461237800028638958e+03,-2.940462831797532999e+03,-2.841395981454899811e+03,-8.781739341742808392e+03,-3.920660576187792685e+03
-3.612669250230595935e+03,-2.779504228448495269e+03,-2.797470732083042094e+03,-2.730876878742062217e+03,-2.770665281762881932e+03,-2.862149152172104095e+03,-4.405085112971819399e+03,-2.770665281762881932e+03,-2.797470732083042094e+03,-6.061423848446853299e+03,-4.405085112971819399e+03,-2.923303833517303701e+03,-2.779504228448495269e+03,-8.776870826103375293e+03,-3.897880921566633788e+03
-3.579463166626926977e+03,-2.764687751717972787e+03,-2.768559600798796964e+03,-2.707816152481387235e+03,-2.725740310678730566e+03,-2.835618203199208438e+03,-4.344051810513259625e+03,-2.725740310678730566e+03,-2.768559600798796964e+03,-5.064252388772763879e+03,-5.064252388772763879e+03,-2.906376211452368807e+03,-2.707816152481387235e+03,-9.253866656148980837e+03,-3.852648741199604046e+03
-3.068676382800613283e+03,-2.730007217305869744e+03,-2.704301086313041651e+03,-2.656381034585307134e+03,-2.693092885485533770e+03,-2.810366543706550146e+03,-4.288214541246441513e+03,-3.068676382800613283e+03,-2.704301086313041651e+03,-5.004647138143829579e+03,-5.004647138143829579e+03,-2.810366543706550146e+03,-2.656381034585307134e+03,-9.207496959611969942e+03,-3.813240184379704715e+03
-8.953754615023404767e+03,-2.709716416415182266e+03,-2.655677660035379631e+03,-2.613694389550284086e+03,-2.683382929014490401e+03,-5.947310454542839580e+03,-4.261573406095480095e+03,-3.017171575649394981e+03,-2.655677660035379631e+03,-4.925041458477408923e+03,-4.925041458477408923e+03,-2.776898525091747615e+03,-2.613694389550284086e+03,-5.947310454542839580e+03,-3.773858560512459917e+03
-8.952007460343218554e+03,-2.682997329503783476e+03,-2.635256240873427032e+03,-2.555796704215645605e+03,-2.665873778821339329e+03,-5.807967852192593455e+03,-4.211114744616592361e+03,-7.346887305411650232e+03,-2.635256240873427032e+03,-4.879225799034546071e+03,-4.879225799034546071e+03,-2.760905642254229406e+03,-2.555796704215645605e+03,-5.807967852192593455e+03,-3.729104297297919402e+03
-9.091150305772825959e+03,-2.653493443791068785e+03,-2.597823336144888799e+03,-2.509541306408402306e+03,-2.644696163183579756e+03,-5.703079444743830209e+03,-4.185442458255974998e+03,-8.926364969227714028e+03,-2.597823336144888799e+03,-4.778496330593143284e+03,-4.778496330593143284e+03,-2.744443905038965568e+03,-2.509541306408402306e+03,-5.703079444743830209e+03,-3.702394416335814640e+03
-9.252604586824669241e+03,-2.481344580678609418e+03,-2.582035874449224139e+03,-2.481344580678609418e+03,-4.101341208898654259e+03,-5.670969356512138802e+03,-4.136695353330871512e+03,-8.783733643689702149e+03,-2.582035874449224139e+03,-4.734601006300348672e+03,-4.734601006300348672e+03,-2.718032280334857205e+03,-2.467312196006162594e+03,-4.101341208898654259e+03,-3.650813508634172649e+03
-7.616556270265476996e+03,-2.444046712773717900e+03,-2.551285827104326472e+03,-2.444046712773717900e+03,-6.415935901012777322e+03,-5.602927630347783634e+03,-4.111034760643562549e+03,-7.616556270265476996e+03,-2.551285827104326472e+03,-4.672535933640498115e+03,-4.672535933640498115e+03,-2.692613249547781834e+03,-2.435917577103868553e+03,-4.043461727506763509e+03,-3.623591081416474935e+03
-7.534018591176570226e+03,-2.380670387037145247e+03,-2.533109812556604084e+03,-2.380670387037145247e+03,-6.347952367198372485e+03,-5.570228147692272614e+03,-4.058019291303779937e+03,-7.534018591176570226e+03,-2.533109812556604084e+03,-4.615694372292417029e+03,-4.615694372292417029e+03,-2.679920225713635773e+03,-2.418430560010811860e+03,-4.019806800776119871e+03,-3.571573209800147197e+03
-7.409491613239600156e+03,-2.328375242418242124e+03,-2.549513782902355160e+03,-2.328375242418242124e+03,-6.311517977259276449e+03,-4.454486567397192630e+03,-4.020495070847632178e+03,-5.904768225260071631e+03,-2.511885616225360081e+03,-4.577440670210561620e+03,-5.904768225260071631e+03,-2.549513782902355160e+03,-2.381226540269147335e+03,-3.971012856966839536e+03,-4.454486567397192630e+03
-7.376027793190953162e+03,-2.255531796682652384e+03,-2.520697957925569426e+03,-2.255531796682652384e+03,-6.239832672631973765e+03,-4.361568304847821310e+03,-3.995910330248580067e+03,-5.804655426900385464e+03,-2.501523888978127616e+03,-4.553271639157939717e+03,-5.804655426900385464e+03,-2.520697957925569426e+03,-2.364005273651702737e+03,-3.948846563359061292e+03,-4.361568304847821310e+03
-7.321276418975663546e+03,-2.219287608375255786e+03,-2.468949976774360039e+03,-2.219287608375255786e+03,-6.202762173125529443e+03,-4.280830188209652988e+03,-3.947199813086125232e+03,-5.742397639280183284e+03,-2.486076318532817822e+03,-4.534846995605992561e+03,-5.742397639280183284e+03,-2.468949976774360039e+03,-2.336359111013360689e+03,-3.906502054869966742e+03,-4.280830188209652988e+03
-7.278206895733645069e+03,-2.158614738125247186e+03,-2.445153644129914028e+03,-2.158614738125247186e+03,-6.133970710653550668e+03,-4.203000537624975550e+03,-3.897941747807368756e+03,-5.626049986242749583e+03,-2.430851295970996944e+03,-4.491420778149128637e+03,-5.626049986242749583e+03,-2.430851295970996944e+03,-2.300826470395145861e+03,-3.884404392052219464e+03,-4.203000537624975550e+03
-7.207505986734439830e+03,-2.120418381951527863e+03,-2.425601397569522305e+03,-2.120418381951527863e+03,-6.067541746826143935e+03,-4.122515771654570017e+03,-3.871901637551123258e+03,-5.524161736353064043e+03,-2.414784742559559163e+03,-4.440303569341308503e+03,-5.524161736353064043e+03,-2.414784742559559163e+03,-2.273096190930100875e+03,-3.842839995138509039e+03,-4.122515771654570017e+03
-7.169504965192834788e+03,-2.901580466466383768e+03,-2.303735496857201724e+03,-2.079184189738676650e+03,-6.032917357233044640e+03,-4.086064394910860301e+03,-2.901580466466383768e+03,-5.464000901803266970e+03,-2.393123085059777623e+03,-4.212908418825367335e+03,-5.464000901803266970e+03,-2.393123085059777623e+03,-2.303735496857201724e+03,-3.803023517500771504e+03,-4.212908418825367335e+03
-7.096826879928638846e+03,-2.838740172781295769e+03,-2.302525759653221940e+03,-2.062298557017539224e+03,-4.923336077346832099e+03,-5.141683124218986450e+03,-4.099385171936219194e+03,-5.141683124218986450e+03,-2.302525759653221940e+03,-4.134218695373161609e+03,-4.099385171936219194e+03,-2.382023016737795842e+03,-2.270292172071347068e+03,-3.782913827436057545e+03,-4.134218695373161609e+03
-7.024819736995619678e+03,-2.823154881017171647e+03,-2.282889038307273040e+03,-2.041402001366911463e+03,-4.877451227305369684e+03,-5.030117049780570596e+03,-4.006754878802929397e+03,-5.030117049780570596e+03,-2.282889038307273040e+03,-4.082003944917023091e+03,-4.006754878802929397e+03,-2.363578309413750048e+03,-2.259703759483877548e+03,-3.766544738526916262e+03,-4.082003944917023091e+03
-4.573491453674445438e+03,-8.778224108796825021e+03,-4.573491453674445438e+03,-2.016088812117753378e+03,-4.831458408057387715e+03,-4.957237976894812164e+03,-3.954232425954787686e+03,-4.957237976894812164e+03,-2.218558029623712628e+03,-3.980580216945088523e+03,-3.927884634964487304e+03,-2.349063441612126553e+03,-2.218558029623712628e+03,-3.749675295420474868e+03,-3.954232425954787686e+03
-4.499091606451138432e+03,-7.912053175297005509e+03,-4.499091606451138432e+03,-2.007353051430709456e+03,-3.132285514636400876e+03,-4.891241580757815427e+03,-5.219265290737583200e+03,-4.891241580757815427e+03,-2.967554825939311286e+03,-3.945383297557735204e+03,-3.885583169076131981e+03,-2.336957526769674587e+03,-2.967554825939311286e+03,-3.709092962026850728e+03,-5.219265290737583200e+03
-4.578309410717018181e+03,-9.255643471215125828e+03,-4.466543465102749906e+03,-2.870887925080352488e+03,-3.815074318526902061e+03,-3.815074318526902061e+03,-5.101236924379454649e+03,-4.825966537534933195e+03,-2.941518667716374694e+03,-3.921512019325632082e+03,-2.870887925080352488e+03,-2.316906534872390239e+03,-2.941518667716374694e+03,-3.687794520695711071e+03,-5.101236924379454649e+03
-4.556174925344148505e+03,-9.207495960161844778e+03,-4.442222406016793684e+03,-3.901968143435194179e+03,-3.772019342910619343e+03,-3.772019342910619343e+03,-3.901968143435194179e+03,-4.783503635707510512e+03,-2.924312878749740321e+03,-3.874779277298962370e+03,-2.842074864052688554e+03,-2.300276758730095935e+03,-2.924312878749740321e+03,-3.645648858620368628e+03,-5.044325892843337897e+03
-4.510218785734862649e+03,-9.114939343166208346e+03,-3.956914182834807889e+03,-3.849021918878197994e+03,-3.716730585482799597e+03,-3.716730585482799597e+03,-3.849021918878197994e+03,-4.746319145542665865e+03,-2.890686087515765848e+03,-3.276882077623781697e+03,-3.276882077623781697e+03,-2.268485845849505495e+03,-2.890686087515765848e+03,-3.956914182834807889e+03,-5.000274525767295017e+03
-4.485824420665798243e+03,-9.062444722486976389e+03,-3.904529355305072841e+03,-3.821229438532180666e+03,-3.247643286760753199e+03,-3.659685020810083643e+03,-3.821229438532180666e+03,-4.724610152976623795e+03,-2.864242585472758947e+03,-3.255391605281481134e+03,-3.255391605281481134e+03,-2.246238430788500409e+03,-3.247643286760753199e+03,-3.904529355305072841e+03,-4.961665236804561573e+03
-6.712700861074784370e+03,-6.712700861074784370e+03,-3.869370523925689213e+03,-3.769662188988920661e+03,-3.194729185862481245e+03,-3.641244719000493205e+03,-9.261794078272509068e+03,-4.660874361930136729e+03,-2.851159665100172788e+03,-3.194761634771123227e+03,-3.194761634771123227e+03,-2.209718459607336627e+03,-3.194729185862481245e+03,-3.869370523925689213e+03,-4.941431298857478396e+03
-6.555883496049358655e+03,-5.089017680414014649e+03,-3.469575506877094995e+03,-3.738206287974553106e+03,-3.168736597692914984e+03,-5.089017680414014649e+03,-9.255643471215125828e+03,-4.620241992132323503e+03,-2.828974085476030268e+03,-3.151833579380938318e+03,-3.151833579380938318e+03,-2.176409445221715941e+03,-3.469575506877094995e+03,-3.818644049932680900e+03,-4.904476885180014506e+03
-6.498383849305666445e+03,-4.989506529686939757e+03,-3.436200097700365404e+03,-3.718168721954522425e+03,-3.292739100868616333e+03,-4.868239079156905973e+03,-9.248898901409076643e+03,-4.593112861297986456e+03,-2.816141267804291601e+03,-3.112386282368942830e+03,-3.112386282368942830e+03,-2.160872518009707164e+03,-3.292739100868616333e+03,-3.789808714751019579e+03,-4.868239079156905973e+03
-4.614204979797673332e+03,-4.945179659138071656e+03,-3.423911954788554795e+03,-3.701334156152173819e+03,-4.428177417308039367e+03,-4.614204979797673332e+03,-9.158160503666465956e+03,-4.566141615289923720e+03,-2.789863783562316712e+03,-3.058601767326757908e+03,-3.058601767326757908e+03,-3.419670045052376736e+03,-4.022724707281443443e+03,-3.768038149807794980e+03,-3.419670045052376736e+03
-4.454607376550013214e+03,-4.919310881990084454e+03,-3.390902517241471742e+03,-3.676578003860739045e+03,-4.183901279549707397e+03,-4.523080698252947514e+03,-9.105970545591268092e+03,-4.514260062396146168e+03,-2.758851460767507433e+03,-3.031416667951259114e+03,-3.031416667951259114e+03,-3.375315854861360094e+03,-4.183901279549707397e+03,-3.730285174980381271e+03,-3.375315854861360094e+03
-4.439704462948360742e+03,-4.866634371841231768e+03,-3.370306461835557457e+03,-3.646977418907591527e+03,-4.140961414856544252e+03,-4.496138497384650691e+03,-9.008071866061598485e+03,-4.471581933614013906e+03,-2.742950665617970117e+03,-2.962912771962083298e+03,-2.962912771962083298e+03,-3.305538668839522870e+03,-4.140961414856544252e+03,-3.709670169486477334e+03,-3.305538668839522870e+03
-4.398527610148518761e+03,-4.047718963162749787e+03,-3.331373769289574284e+03,-3.611031636243287267e+03,-4.087956944699616088e+03,-3.810606788204453551e+03,-8.924741213002986115e+03,-3.510004265601045518e+03,-3.510004265601045518e+03,-2.943241547757102580e+03,-2.943241547757102580e+03,-4.047718963162749787e+03,-4.087956944699616088e+03,-3.669541451076102021e+03,-3.810606788204453551e+03
-4.379420085312533047e+03,-3.425851701462763685e+03,-3.385597643192093528e+03,-3.385597643192093528e+03,-4.027362128513605967e+03,-3.753580728148930575e+03,-8.838129965147627445e+03,-3.466222753098442354e+03,-3.466222753098442354e+03,-3.425851701462763685e+03,-2.889098488866623484e+03,-3.962604914058903432e+03,-4.027362128513605967e+03,-3.629669764403815861e+03,-3.753580728148930575e+03
-4.134123318857924460e+03,-3.362863343133188209e+03,-3.346697954063831730e+03,-3.346697954063831730e+03,-3.752902626055440123e+03,-3.634531098390310035e+03,-8.783951880681077455e+03,-3.521105083967180690e+03,-3.634531098390310035e+03,-3.362863343133188209e+03,-9.204257576442843856e+03,-3.918010255358954055e+03,-4.134123318857924460e+03,-3.608063268014698224e+03,-3.521105083967180690e+03
-7.906525559093685843e+03,-3.325405874310074068e+03,-3.270674923255888189e+03,-7.959329654382618173e+03,-3.570526956761554175e+03,-3.579059922388867562e+03,-8.677449319407221992e+03,-3.482427673135762234e+03,-3.587809067444126413e+03,-3.325405874310074068e+03,-7.906525559093685843e+03,-3.895119632649043069e+03,-4.053506027830085259e+03,-3.570526956761554175e+03,-3.482427673135762234e+03
-7.723104435469976124e+03,-3.284893568450161638e+03,-3.250200822667919965e+03,-9.052306749010342173e+03,-3.481870526565606269e+03,-3.567684183848932662e+03,-8.568037261542844135e+03,-3.447440276046229428e+03,-3.571704577026970128e+03,-3.284893568450161638e+03,-7.723104435469976124e+03,-3.850891983577869723e+03,-4.026091639939308152e+03,-3.481870526565606269e+03,-3.447440276046229428e+03
-7.595145640834829464e+03,-3.237214908305656536e+03,-3.229897809223399690e+03,-9.006781582111249008e+03,-3.446193310763523641e+03,-5.939069894944615044e+03,-5.939069894944615044e+03,-3.406367680432321322e+03,-3.446193310763523641e+03,-3.237214908305656536e+03,-7.595145640834829464e+03,-3.807428112215060537e+03,-3.981857796747860448e+03,-3.439111196372804443e+03,-3.406367680432321322e+03
-7.476045557499814095e+03,-3.230581708266666283e+03,-3.209766547747396544e+03,-8.934940360063726985e+03,-3.410112035389947778e+03,-5.875197505629603256e+03,-5.875197505629603256e+03,-3.344804053160614785e+03,-3.344804053160614785e+03,-3.184988346220240601e+03,-7.476045557499814095e+03,-3.780900547218956490e+03,-3.959353867874259322e+03,-3.410452294280346450e+03,-3.230581708266666283e+03
-7.359082591487818718e+03,-3.185640551662896542e+03,-3.183343771062448013e+03,-8.876053360273446742e+03,-3.400652745085448259e+03,-5.756373378992747348e+03,-5.756373378992747348e+03,-3.300417690037387729e+03,-3.300417690037387729e+03,-3.160319412587094121e+03,-7.359082591487818718e+03,-3.758546305184478570e+03,-3.916038532411627784e+03,-3.397055120855390669e+03,-3.185640551662896542e+03
-7.228154908485981650e+03,-3.145271844928492101e+03,-3.164445681103332390e+03,-8.798353349069791875e+03,-3.370194547376148876e+03,-4.465910194096370105e+03,-5.665299660601384858e+03,-3.266774980959224649e+03,-3.266774980959224649e+03,-3.146329043050523069e+03,-7.228154908485981650e+03,-3.710325893334025750e+03,-3.872652763754466832e+03,-4.465910194096370105e+03,-3.145271844928492101e+03
-7.132252802054495987e+03,-3.101979097680502491e+03,-3.130884109775480738e+03,-8.735369688879030946e+03,-3.362335079675539419e+03,-4.424729440141107261e+03,-4.375898071013276422e+03,-4.375898071013276422e+03,-3.231348310893323287e+03,-3.127264463907659774e+03,-7.132252802054495987e+03,-3.695979960142525215e+03,-3.850029937746247469e+03,-4.424729440141107261e+03,-3.101979097680502491e+03
-7.063424281019444606e+03,-3.049007295433885702e+03,-3.114633008392110696e+03,-7.063424281019444606e+03,-3.336677491793049285e+03,-5.630311134574621974e+03,-5.658241486282166079e+03,-4.302028772372918866e+03,-3.214883444392656202e+03,-3.105562597722591363e+03,-5.658241486282166079e+03,-3.653821644867636678e+03,-3.802851331361081066e+03,-4.368594264629231475e+03,-3.049007295433885702e+03
-6.263737856251929770e+03,-3.013109529945538270e+03,-3.100931573082836621e+03,-6.987841920597395074e+03,-3.310218556095499025e+03,-6.263737856251929770e+03,-5.521853744964981161e+03,-4.276598479508540549e+03,-3.180081241446983768e+03,-3.337525060505654437e+03,-5.521853744964981161e+03,-3.337525060505654437e+03,-3.780558119064904986e+03,-4.332165157330473448e+03,-3.013109529945538270e+03
-6.158777225075888964e+03,-2.967394667648793529e+03,-3.064508913906273847e+03,-6.944260848846448425e+03,-3.295323176726512429e+03,-6.158777225075888964e+03,-5.473807988679427581e+03,-4.254316168438006571e+03,-3.141400976202728089e+03,-3.264610062622382884e+03,-5.473807988679427581e+03,-3.264610062622382884e+03,-3.746949487868960205e+03,-4.292158435688177633e+03,-2.967394667648793529e+03
-6.075902845603544847e+03,-2.922404757414834421e+03,-3.047019059055907746e+03,-6.881382959781569298e+03,-3.267452986073936245e+03,-6.075902845603544847e+03,-5.358724296007684643e+03,-4.214624391044254480e+03,-3.139824091123181915e+03,-3.415751996036814489e+03,-5.358724296007684643e+03,-3.231978184522166430e+03,-3.415751996036814489e+03,-4.259193833641397759e+03,-2.922404757414834421e+03
-5.976362984654251704e+03,-2.868446522808770169e+03,-3.017087911312031792e+03,-6.810722173594747801e+03,-3.242755698993638816e+03,-5.976362984654251704e+03,-5.248792440784569408e+03,-4.191046777028403085e+03,-3.138247994328503410e+03,-3.265260960878959850e+03,-5.248792440784569408e+03,-3.265260960878959850e+03,-3.372957819884191849e+03,-4.228771344948941987e+03,-2.868446522808770169e+03
-5.850884162135833321e+03,-2.798484630283215211e+03,-3.145661149137542452e+03,-6.768284432449981978e+03,-3.219096541533552227e+03,-5.850884162135833321e+03,-5.167711460832084413e+03,-3.581492448575838353e+03,-3.581492448575838353e+03,-3.213832296966126250e+03,-5.167711460832084413e+03,-3.213832296966126250e+03,-3.145661149137542452e+03,-4.218127283435514983e+03,-2.798484630283215211e+03
-5.783708382152004560e+03,-2.763075259680785621e+03,-3.118350532402208046e+03,-6.686012006370876406e+03,-3.189820087593996504e+03,-5.783708382152004560e+03,-5.059959927809009059e+03,-3.547004453610931705e+03,-3.547004453610931705e+03,-3.130431455605961673e+03,-5.059959927809009059e+03,-3.130431455605961673e+03,-3.118350532402208046e+03,-4.188063134433252344e+03,-2.763075259680785621e+03
-5.661633791007759100e+03,-2.692262809265026135e+03,-3.089172718197536597e+03,-6.644147826207123217e+03,-3.174574048396855687e+03,-4.575161549899720740e+03,-4.999958631410767339e+03,-4.575161549899720740e+03,-3.488689308791682379e+03,-9.063412635308202880e+03,-4.999958631410767339e+03,-3.102174227668794629e+03,-3.089172718197536597e+03,-4.144414946917827365e+03,-2.692262809265026135e+03
-5.632663832127476780e+03,-2.619611663597950610e+03,-3.059340735609406693e+03,-6.566972123516263309e+03,-3.150333576551417991e+03,-4.457670212517004984e+03,-4.868039957225222679e+03,-4.457670212517004984e+03,-3.472383653654850605e+03,-9.056161097127225730e+03,-4.868039957225222679e+03,-3.080161349903044538e+03,-3.059340735609406693e+03,-4.119474592906408361e+03,-2.619611663597950610e+03
-5.577677652227930594e+03,-2.574207887634339841e+03,-3.012805080454091240e+03,-5.455032562652417255e+03,-3.136342505064796569e+03,-4.390124941079018754e+03,-4.814729284823501075e+03,-5.455032562652417255e+03,-3.463059426595381410e+03,-9.053321979844542511e+03,-3.880947149150602854e+03,-3.880947149150602854e+03,-3.012805080454091240e+03,-4.071251070641766091e+03,-2.574207887634339841e+03
-5.549372735421045945e+03,-2.511103211893808748e+03,-2.982304576350399657e+03,-4.959890168984917182e+03,-3.108483746502049144e+03,-4.931092135487442647e+03,-4.759670474100146748e+03,-4.959890168984917182e+03,-3.448084859874736139e+03,-9.006895706679344585e+03,-3.823443493145346110e+03,-3.823443493145346110e+03,-2.982304576350399657e+03,-4.046889204007135049e+03,-2.511103211893808748e+03
-5.497034857801483668e+03,-2.445534702049737461e+03,-2.933795505773741752e+03,-4.871368930126013765e+03,-3.087680083938516873e+03,-4.910910142550105775e+03,-4.706938879465838909e+03,-4.871368930126013765e+03,-3.440807157824089700e+03,-8.958479867236121208e+03,-3.762897378772816865e+03,-3.348346442273279081e+03,-3.348346442273279081e+03,-4.000480245954872316e+03,-2.445534702049737461e+03
-5.454270164197387203e+03,-2.404946711698521995e+03,-2.921145706125043034e+03,-4.802536578108927642e+03,-3.072701731241428206e+03,-4.872431136669557418e+03,-4.680378946434558202e+03,-4.802536578108927642e+03,-3.428712975528852439e+03,-8.869571058747003917e+03,-3.744978967567736163e+03,-9.056446427811653848e+03,-3.278790452546551933e+03,-3.977029917851366463e+03,-2.404946711698521995e+03
-5.397976090417569139e+03,-3.059025260720145525e+03,-2.914019895828313565e+03,-4.753815094040668555e+03,-3.045976581475206331e+03,-4.852229201613138684e+03,-4.631101954865810512e+03,-4.753815094040668555e+03,-3.420833395738809941e+03,-8.796452968541325390e+03,-3.063482132673937485e+03,-9.009618372036924484e+03,-3.063482132673937485e+03,-3.934184412109141704e+03,-2.399712734876979084e+03
-5.363436981446187929e+03,-3.043172233984286322e+03,-2.909570237440789697e+03,-4.718418259542769192e+03,-3.026289538680085570e+03,-4.812240541958080030e+03,-3.340529079834977892e+03,-4.718418259542769192e+03,-3.402665813585235810e+03,-8.720212741084626032e+03,-3.212653099119708713e+03,-8.962227210007737085e+03,-3.035316814197395161e+03,-3.912980645956534772e+03,-3.340529079834977892e+03
-5.305658134272437565e+03,-2.977950245380262459e+03,-2.903284362025066912e+03,-4.629615946757736310e+03,-3.010715577756543098e+03,-4.783906064781791429e+03,-3.307695559344477715e+03,-4.629615946757736310e+03,-3.375151634467541044e+03,-8.659254322226763179e+03,-3.195773083050071818e+03,-8.873171758649976255e+03,-2.977950245380262459e+03,-3.874409456558148122e+03,-3.307695559344477715e+03
-4.261252233265167888e+03,-2.945091229766869674e+03,-2.898624762316461329e+03,-4.572368680019600106e+03,-2.980374289638783921e+03,-6.607968946910637897e+03,-3.282095949051959451e+03,-4.572368680019600106e+03,-4.261252233265167888e+03,-6.607968946910637897e+03,-3.182496746999174775e+03,-8.779874321769542803e+03,-2.945091229766869674e+03,-3.854690137518944539e+03,-3.282095949051959451e+03
-4.192887522314259513e+03,-2.893247368942136745e+03,-2.889570292443630024e+03,-4.454056762475754113e+03,-2.965039777349152246e+03,-6.526155963533047725e+03,-3.271013309602243680e+03,-4.454056762475754113e+03,-4.192887522314259513e+03,-6.526155963533047725e+03,-3.157622137890953127e+03,-8.727341895857334748e+03,-2.893247368942136745e+03,-3.817603842370027451e+03,-3.271013309602243680e+03
-4.147162614150199261e+03,-2.841437284068842018e+03,-2.884448431043751043e+03,-4.358446230020000257e+03,-2.936516428163899491e+03,-5.240912327624013415e+03,-3.237475598929077933e+03,-4.358446230020000257e+03,-5.240912327624013415e+03,-6.461960760458448931e+03,-3.144428436236832113e+03,-8.628286493922743830e+03,-2.841437284068842018e+03,-3.801185996884022643e+03,-3.237475598929077933e+03
-4.145078251676921354e+03,-2.824980411700016703e+03,-2.824980411700016703e+03,-4.283452520878890027e+03,-2.900482569910208895e+03,-5.185237786084198888e+03,-3.212215616994497395e+03,-4.283452520878890027e+03,-5.185237786084198888e+03,-6.401459662448090967e+03,-3.119592768209209680e+03,-8.544243010612681246e+03,-2.788732058406880242e+03,-3.761543755070847055e+03,-3.212215616994497395e+03
-4.585698981478581118e+03,-2.791326666792081141e+03,-2.791326666792081141e+03,-4.191897425855084293e+03,-2.880952300178939822e+03,-5.161233426494157357e+03,-3.158331932350535681e+03,-4.191897425855084293e+03,-4.585698981478581118e+03,-6.369679012730997783e+03,-3.104701010168256289e+03,-8.457397719820741258e+03,-2.753619681755832062e+03,-3.741715586454251934e+03,-3.158331932350535681e+03
-4.535188402400201085e+03,-2.759792121558783947e+03,-2.759792121558783947e+03,-4.080098516767800447e+03,-3.223210428199768103e+03,-5.118180131014138169e+03,-3.135577224128868693e+03,-4.080098516767800447e+03,-4.535188402400201085e+03,-6.304746851516119932e+03,-3.076253097801279182e+03,-8.387579906230002962e+03,-2.733043061010212114e+03,-3.223210428199768103e+03,-3.135577224128868693e+03
-4.487387446773739612e+03,-2.709486472855292959e+03,-2.709486472855292959e+03,-4.021020066223877166e+03,-3.157917567533434521e+03,-5.080495196438252606e+03,-3.092255487335920407e+03,-4.021020066223877166e+03,-4.487387446773739612e+03,-6.246123017713967783e+03,-9.258708080841253832e+03,-8.320326134546829053e+03,-2.700573359126532523e+03,-3.157917567533434521e+03,-3.092255487335920407e+03
-4.426708493725498556e+03,-2.679731714494410880e+03,-2.679731714494410880e+03,-3.923103558255699681e+03,-2.862282678354270502e+03,-5.052511391054951673e+03,-3.051644370451331270e+03,-6.569482009455940897e+03,-4.426708493725498556e+03,-6.205590553551972334e+03,-6.569482009455940897e+03,-8.252496261431344465e+03,-2.862282678354270502e+03,-3.116064106736895610e+03,-3.051644370451331270e+03
-4.387839423506421554e+03,-8.833597293408085534e+03,-2.646450038725446120e+03,-5.109855214955916381e+03,-2.837972197270871220e+03,-4.996130940660536908e+03,-3.005723909119124983e+03,-6.439117358815288753e+03,-4.387839423506421554e+03,-6.130274304409669639e+03,-6.971029081556582241e+03,-8.135925555319989144e+03,-8.404862373493782798e+03,-3.099053032833637189e+03,-3.005723909119124983e+03
-4.343056514530733693e+03,-9.235780595209260355e+03,-2.631293535342923860e+03,-5.063100214023259468e+03,-2.808620029580165465e+03,-4.969973843637326354e+03,-2.965602100769463505e+03,-6.383274678844838490e+03,-4.343056514530733693e+03,-6.059074388042790815e+03,-9.215548008844909418e+03,-8.082450416402267365e+03,-8.723707394828717952e+03,-3.059058980953085666e+03,-2.965602100769463505e+03
-4.271220759137757341e+03,-9.090980573084783828e+03,-2.603271771611404802e+03,-5.035569991777587347e+03,-2.794703186423567786e+03,-4.944767120447430898e+03,-2.905754384696323996e+03,-6.350737066915154173e+03,-4.271220759137757341e+03,-6.023397528486741066e+03,-9.090980573084783828e+03,-7.983145509164199211e+03,-8.646583316704240133e+03,-3.035735354846635346e+03,-2.905754384696323996e+03
-4.253992619113428191e+03,-8.967611351043846298e+03,-2.575153463828792610e+03,-4.984642578582788701e+03,-3.448148275347414710e+03,-4.901500041717824388e+03,-4.376918249451304291e+03,-6.286790022466628216e+03,-3.448148275347414710e+03,-4.376918249451304291e+03,-8.967611351043846298e+03,-7.888724430812415449e+03,-8.566853748304762121e+03,-3.026942495992059321e+03,-2.872274762664445007e+03
-4.210055396514577296e+03,-8.831660572387980210e+03,-2.557066611548718356e+03,-4.940803732173293611e+03,-3.396995127315954960e+03,-4.876595267577460618e+03,-4.318026479372835638e+03,-6.253810078293196966e+03,-5.894701277912288788e+03,-4.318026479372835638e+03,-8.831660572387980210e+03,-7.841401598783122608e+03,-5.894701277912288788e+03,-3.009090796267021688e+03,-2.828298945230348636e+03
-4.194725341416923584e+03,-7.193852737990597234e+03,-2.530137028246403133e+03,-4.933607172996526060e+03,-3.376743214677762808e+03,-4.825796058083898970e+03,-4.258870598717985558e+03,-6.185430314166947028e+03,-5.843619122462031555e+03,-4.258870598717985558e+03,-8.707852871449034865e+03,-7.754426221789913143e+03,-7.193852737990597234e+03,-3.000235746429167193e+03,-2.805984993383334768e+03
-4.166187315474178831e+03,-7.134450075348904647e+03,-2.502157341866988645e+03,-4.888519139540299875e+03,-3.340019120427449707e+03,-4.797811716172608612e+03,-4.170205510380359556e+03,-6.107686137396225604e+03,-6.404781985567784432e+03,-4.170205510380359556e+03,-8.675180711902870826e+03,-7.679834994604108942e+03,-6.404781985567784432e+03,-2.984556827510930816e+03,-2.761279211103935268e+03
-4.122282931488240138e+03,-7.072855320071678761e+03,-2.481113270569317137e+03,-4.862535592464208094e+03,-3.305837881149124769e+03,-4.750514919054498932e+03,-4.099283573496690224e+03,-6.069410422779933469e+03,-6.325217757167684795e+03,-4.099283573496690224e+03,-8.564384303181013820e+03,-7.675985348312911810e+03,-6.325217757167684795e+03,-2.956264615717407651e+03,-2.721169739055414993e+03
-3.645642766400479104e+03,-7.595641263845476715e+03,-2.463567117812469405e+03,-4.799373275798845498e+03,-3.645642766400479104e+03,-4.720884458824304602e+03,-4.040093274037076753e+03,-6.036385654906865057e+03,-6.036385654906865057e+03,-4.040093274037076753e+03,-7.595641263845476715e+03,-7.639080651912683606e+03,-6.228904943442134027e+03,-2.931401121898737074e+03,-2.699631910455100297e+03
-3.614478194776191231e+03,-6.621125687200390530e+03,-2.958724156314601714e+03,-4.772026520214796619e+03,-2.958724156314601714e+03,-4.679409759664764351e+03,-6.567144801686902611e+03,-5.984987360300125147e+03,-6.621125687200390530e+03,-3.953505210149428422e+03,-7.445852881984872511e+03,-7.553645963458051483e+03,-6.202332975181914662e+03,-2.907565025390969822e+03,-2.678030023932533368e+03
-3.582365295395279190e+03,-6.547143837323828848e+03,-2.747200067752894938e+03,-4.743457798274022934e+03,-2.921250590259108321e+03,-4.653821537197855832e+03,-9.055392482949169789e+03,-5.915635604604649416e+03,-6.547143837323828848e+03,-3.917753907348394932e+03,-7.395085218554361745e+03,-7.509900777101839594e+03,-6.132754846653946515e+03,-2.891193449007480012e+03,-2.747200067752894938e+03
-3.563981392251470879e+03,-6.453504160950596997e+03,-2.687623760807398867e+03,-4.683249354796258558e+03,-2.906579271334873738e+03,-4.604216809346158698e+03,-9.007813938848688849e+03,-5.878652261567624009e+03,-6.453504160950596997e+03,-3.892707246920214857e+03,-7.298654866514447349e+03,-7.425537270943677868e+03,-6.102523446939278074e+03,-2.856630162400761947e+03,-2.687623760807398867e+03
-3.525111829878655044e+03,-6.393021555168811574e+03,-2.636505304429535499e+03,-4.653905430672712100e+03,-2.875701534514655123e+03,-4.578288792391337665e+03,-8.920922041569159774e+03,-5.810270183891667330e+03,-6.746064464231407328e+03,-3.882800796096220438e+03,-7.250206661080317645e+03,-6.746064464231407328e+03,-4.397778859045416539e+03,-4.397778859045416539e+03,-2.636505304429535499e+03
-3.487692503262468108e+03,-6.327608854322252228e+03,-2.579160559792712775e+03,-4.592451650372298900e+03,-2.857712050097666179e+03,-4.509414556415365951e+03,-8.871394613419950474e+03,-5.744825738196143902e+03,-6.666565634374675028e+03,-3.867121123292854463e+03,-7.159343230940826288e+03,-5.494422656164727414e+03,-4.322279677954779800e+03,-5.494422656164727414e+03,-2.579160559792712775e+03
-3.457069260942967048e+03,-6.270739510363971021e+03,-2.541724779679136191e+03,-4.562947210808108139e+03,-2.823392474143896834e+03,-4.490566263630597859e+03,-8.778115835093918577e+03,-5.711655619265676251e+03,-6.620461396471016997e+03,-3.851175245212580649e+03,-7.071763070856524791e+03,-5.367660324058593687e+03,-4.305201426017096310e+03,-5.367660324058593687e+03,-2.541724779679136191e+03
-3.425931006278499808e+03,-6.233470194687896765e+03,-2.479655895012983365e+03,-4.507305165838288303e+03,-2.788740992310898037e+03,-4.428700532843349720e+03,-8.725593915141569596e+03,-5.684099401457964632e+03,-5.851060449840018919e+03,-3.810366924769466095e+03,-7.027213184956233818e+03,-5.294862351245628815e+03,-4.278130869457848348e+03,-5.851060449840018919e+03,-2.479655895012983365e+03
-3.399820675786027095e+03,-6.148549216944965337e+03,-4.624832003981748130e+03,-4.479618380720829009e+03,-2.769918044746778833e+03,-4.394480709209976339e+03,-8.598163745012832806e+03,-6.254979279081855566e+03,-4.143268887728600021e+03,-4.143268887728600021e+03,-6.254979279081855566e+03,-5.273119645009919623e+03,-4.266381542951748997e+03,-4.624832003981748130e+03,-2.436764265344562773e+03
